<application>
  <component name="ProjectJdkTable">
    <jdk version="2">
      <name value="Python 3.7 (Test)" />
      <type value="Python SDK" />
      <version value="Python 3.7.3" />
      <homePath value="D:\work\01python\python_prj20190714\Test\venv\Scripts\python.exe" />
      <roots>
        <classPath>
          <root type="composite">
            <root url="file://D:/Python37/DLLs" type="simple" />
            <root url="file://D:/Python37/Lib" type="simple" />
            <root url="file://D:/Python37" type="simple" />
            <root url="file://D:/work/01python/python_prj20190714/Test/venv" type="simple" />
            <root url="file://D:/work/01python/python_prj20190714/Test/venv/Lib/site-packages" type="simple" />
            <root url="file://$USER_HOME$/.PyCharm2019.1/system/python_stubs/-1049450321" type="simple" />
            <root url="file://$APPLICATION_HOME_DIR$/helpers/python-skeletons" type="simple" />
            <root url="file://$APPLICATION_HOME_DIR$/helpers/typeshed/stdlib/3" type="simple" />
            <root url="file://$APPLICATION_HOME_DIR$/helpers/typeshed/stdlib/2and3" type="simple" />
            <root url="file://$APPLICATION_HOME_DIR$/helpers/typeshed/third_party/3" type="simple" />
            <root url="file://$APPLICATION_HOME_DIR$/helpers/typeshed/third_party/2and3" type="simple" />
          </root>
        </classPath>
        <sourcePath>
          <root type="composite" />
        </sourcePath>
      </roots>
      <additional ASSOCIATED_PROJECT_PATH="D:/work/01python/python_prj20190714/Test" />
    </jdk>
    <jdk version="2">
      <name value="Python 3.7 (Test) (2)" />
      <type value="Python SDK" />
      <version value="Python 3.7.3" />
      <homePath value="D:\Python37\python.exe" />
      <roots>
        <classPath>
          <root type="composite">
            <root url="file://D:/Python37/DLLs" type="simple" />
            <root url="file://D:/Python37/Lib" type="simple" />
            <root url="file://D:/Python37" type="simple" />
            <root url="file://D:/Python37/Lib/site-packages" type="simple" />
            <root url="file://$USER_HOME$/.PyCharm2019.1/system/python_stubs/1201333238" type="simple" />
            <root url="file://$APPLICATION_HOME_DIR$/helpers/python-skeletons" type="simple" />
            <root url="file://$APPLICATION_HOME_DIR$/helpers/typeshed/stdlib/3" type="simple" />
            <root url="file://$APPLICATION_HOME_DIR$/helpers/typeshed/stdlib/2and3" type="simple" />
            <root url="file://$APPLICATION_HOME_DIR$/helpers/typeshed/third_party/3" type="simple" />
            <root url="file://$APPLICATION_HOME_DIR$/helpers/typeshed/third_party/2and3" type="simple" />
          </root>
        </classPath>
        <sourcePath>
          <root type="composite" />
        </sourcePath>
      </roots>
      <additional />
    </jdk>
  </component>
</application>